episode_number,success_episode,episode_reward,episode_step,ego_safety_score,timelapse
1,True,228,41,68.29268292682926,8.547906875610352
1,True,229,41,70.73170731707317,8.570190668106079
