episode_number,success_episode,episode_reward,episode_step,ego_safety_score,timelapse
1,True,216,47,63.829787234042556,9.824018001556396
2,True,222,46,76.08695652173914,10.104866027832031
3,True,219,47,70.2127659574468,9.812411785125732
4,True,220,49,79.59183673469387,10.241943597793579
5,True,217,48,70.83333333333333,10.01781439781189
1,True,229,40,67.5,8.588825464248657
