episode_number,success_episode,episode_reward,episode_step,ego_safety_score,timelapse
1,True,101,67,1.0,15.870244979858398
1,True,35,86,1.0,18.34827160835266
1,True,109,56,1.0,12.430281400680542
1,True,117,58,1.0,12.117390871047974
1,True,157,57,1.0,13.444965600967407
1,True,193,49,1.0,10.669579029083252
1,True,73,80,1.0,21.096121788024902
