episode_number,success_episode,episode_reward,episode_step,ego_safety_score,timelapse
1,True,140,89,64.04494382022472,19.1851966381073
2,True,172,73,69.86301369863014,16.510995388031006
1,True,89,118,63.55932203389831,24.66337561607361
2,True,159,74,54.054054054054056,16.517160654067993
1,True,56,76,60.526315789473685,15.95824933052063
2,True,125,100,69.0,21.818857669830322
3,True,161,79,69.62025316455696,17.68135142326355
4,True,120,106,75.47169811320755,23.78917622566223
1,True,131,93,60.215053763440864,19.447022199630737
