episode_number,success_episode,episode_reward,episode_step,ego_safety_score,timelapse
1,True,316,69,14.492753623188403,15.223191261291504
2,True,307,76,19.736842105263154,16.73275327682495
3,True,310,67,17.910447761194025,14.910895109176636
4,True,313,81,44.44444444444444,17.979639530181885
5,True,288,75,25.33333333333333,16.670103549957275
