episode_number,success_episode,episode_reward,episode_step,ego_safety_score,timelapse
1,True,140,89,64.04494382022472,19.1851966381073
2,True,172,73,69.86301369863014,16.510995388031006
1,True,89,118,63.55932203389831,24.66337561607361
2,True,159,74,54.054054054054056,16.517160654067993
